Original URL,Image URL
https://plants.usda.gov/plant-profile/ACGR2,https://plants.sc.egov.usda.gov/ImageLibrary/standard/acgr2_001_svd.jpg
https://plants.usda.gov/plant-profile/ACVI,https://plants.sc.egov.usda.gov/ImageLibrary/standard/acvi_002_shp.jpg
https://plants.usda.gov/plant-profile/ACNE2,https://plants.sc.egov.usda.gov/ImageLibrary/standard/acne2_005_shp.jpg
https://plants.usda.gov/plant-profile/ACRU,https://plants.sc.egov.usda.gov/ImageLibrary/standard/acru_002_shp.jpg
https://plants.usda.gov/plant-profile/ACSA2,https://plants.sc.egov.usda.gov/ImageLibrary/standard/acsa2_002_shp.jpg
https://plants.usda.gov/plant-profile/ACSA3,https://plants.sc.egov.usda.gov/ImageLibrary/standard/acsa3_004_shp.jpg
https://plants.usda.gov/plant-profile/ACAM,https://plants.sc.egov.usda.gov/ImageLibrary/standard/acam_002_svp.jpg
https://plants.usda.gov/plant-profile/ACPA,https://plants.sc.egov.usda.gov/ImageLibrary/standard/acpa_001_svp.jpg
https://plants.usda.gov/plant-profile/ADPE,https://plants.sc.egov.usda.gov/ImageLibrary/standard/adpe_002_shp.jpg
https://plants.usda.gov/plant-profile/AGMA3,https://plants.sc.egov.usda.gov/ImageLibrary/standard/agma3_001_svd.jpg
https://plants.usda.gov/plant-profile/AGPA12,https://plants.sc.egov.usda.gov/ImageLibrary/standard/agpa12_001_svd.jpg
https://plants.usda.gov/plant-profile/AGPU5,https://plants.sc.egov.usda.gov/ImageLibrary/standard/agpu5_002_svp.jpg
https://plants.usda.gov/plant-profile/AGTE3,https://plants.sc.egov.usda.gov/ImageLibrary/standard/agte3_002_shp.jpg
https://plants.usda.gov/plant-profile/AGNE2,https://plants.sc.egov.usda.gov/ImageLibrary/standard/agne2_003_shp.jpg
https://plants.usda.gov/plant-profile/AGGR2,https://plants.sc.egov.usda.gov/ImageLibrary/standard/aggr2_002_shp.jpg
https://plants.usda.gov/plant-profile/AGHY,https://plants.sc.egov.usda.gov/ImageLibrary/standard/aghy_002_svp.jpg
https://plants.usda.gov/plant-profile/AGPE,https://plants.sc.egov.usda.gov/ImageLibrary/standard/agpe_002_svp.jpg
https://plants.usda.gov/plant-profile/ALFA2,https://plants.sc.egov.usda.gov/ImageLibrary/standard/alfa2_001_svd.jpg
https://plants.usda.gov/plant-profile/ALTR7,https://plants.sc.egov.usda.gov/ImageLibrary/standard/albr10_001_svd.jpg
https://plants.usda.gov/plant-profile/ALCA3,https://plants.sc.egov.usda.gov/ImageLibrary/standard/alca3_003_shp.jpg
https://plants.usda.gov/plant-profile/ALINR,https://plants.sc.egov.usda.gov/ImageLibrary/standard/alru3_002_shp.jpg
https://plants.usda.gov/plant-profile/ALSE2,https://plants.sc.egov.usda.gov/ImageLibrary/standard/alse2_001_shp.jpg
https://plants.usda.gov/plant-profile/AMAR2,https://plants.sc.egov.usda.gov/ImageLibrary/standard/amar2_003_shp.jpg
https://plants.usda.gov/plant-profile/AMTR,https://plants.sc.egov.usda.gov/ImageLibrary/standard/amtr_002_svp.jpg
https://plants.usda.gov/plant-profile/AMAR3,
https://plants.usda.gov/plant-profile/AMCA4,https://plants.sc.egov.usda.gov/ImageLibrary/standard/amca4_002_shp.jpg
https://plants.usda.gov/plant-profile/AMBR,https://plants.sc.egov.usda.gov/ImageLibrary/standard/ambr_001_svd.jpg
https://plants.usda.gov/plant-profile/AMBR2,https://plants.sc.egov.usda.gov/ImageLibrary/standard/ambr2_002_shp.jpg
https://plants.usda.gov/plant-profile/ANMA,https://plants.sc.egov.usda.gov/ImageLibrary/standard/anma_003_shp.jpg
https://plants.usda.gov/plant-profile/ANGL2,https://plants.sc.egov.usda.gov/ImageLibrary/standard/angl2_002_svp.jpg
https://plants.usda.gov/plant-profile/ANVI2,https://plants.sc.egov.usda.gov/ImageLibrary/standard/anvi2_002_svp.jpg
https://plants.usda.gov/plant-profile/ANCA8,https://plants.sc.egov.usda.gov/ImageLibrary/standard/anca8_004_svp.jpg
https://plants.usda.gov/plant-profile/ANCY,https://plants.sc.egov.usda.gov/ImageLibrary/standard/ancy_001_svd.jpg
https://plants.usda.gov/plant-profile/ANQU,https://plants.sc.egov.usda.gov/ImageLibrary/standard/anqu_001_svd.jpg
https://plants.usda.gov/plant-profile/ANVI3,https://plants.sc.egov.usda.gov/ImageLibrary/standard/anvi3_001_svd.jpg
https://plants.usda.gov/plant-profile/ANNE,https://plants.sc.egov.usda.gov/ImageLibrary/standard/anca27_001_svd.jpg
https://plants.usda.gov/plant-profile/ANPL,https://plants.sc.egov.usda.gov/ImageLibrary/standard/anpl_002_svp.jpg
https://plants.usda.gov/plant-profile/APAM,https://plants.sc.egov.usda.gov/ImageLibrary/standard/apam_001_shp.jpg
https://plants.usda.gov/plant-profile/APAN2,https://plants.sc.egov.usda.gov/ImageLibrary/standard/apan2_001_svd.jpg
https://plants.usda.gov/plant-profile/APCA,https://plants.sc.egov.usda.gov/ImageLibrary/standard/apca_007_shp.jpg
https://plants.usda.gov/plant-profile/AQCA,https://plants.sc.egov.usda.gov/ImageLibrary/standard/aqca_002_shp.jpg
https://plants.usda.gov/plant-profile/ARCA,https://plants.sc.egov.usda.gov/ImageLibrary/standard/arca_001_svd.jpg
https://plants.usda.gov/plant-profile/ARGL,https://plants.sc.egov.usda.gov/ImageLibrary/standard/argl_001_svd.jpg
https://plants.usda.gov/plant-profile/ARLA,https://plants.sc.egov.usda.gov/ImageLibrary/standard/arla_001_svd.jpg
https://plants.usda.gov/plant-profile/ARLY2,https://plants.sc.egov.usda.gov/ImageLibrary/standard/arly2_001_svd.jpg
https://plants.usda.gov/plant-profile/ARNU2,https://plants.sc.egov.usda.gov/ImageLibrary/standard/arnu2_003_shp.jpg
https://plants.usda.gov/plant-profile/ARRA,https://plants.sc.egov.usda.gov/ImageLibrary/standard/arra_003_shp.jpg
https://plants.usda.gov/plant-profile/ARTR,https://plants.sc.egov.usda.gov/ImageLibrary/standard/artr_001_svp.jpg
https://plants.usda.gov/plant-profile/ARLO16,https://plants.sc.egov.usda.gov/ImageLibrary/standard/arlo2_001_svd.jpg
https://plants.usda.gov/plant-profile/ASIN,https://plants.sc.egov.usda.gov/ImageLibrary/standard/asin_022_svp.jpg
https://plants.usda.gov/plant-profile/ASPU2,https://plants.sc.egov.usda.gov/ImageLibrary/standard/aspu2_002_shp.jpg
https://plants.usda.gov/plant-profile/ASSY,https://plants.sc.egov.usda.gov/ImageLibrary/standard/assy_002_shp.jpg
https://plants.usda.gov/plant-profile/ASTU,https://plants.sc.egov.usda.gov/ImageLibrary/standard/astu_005_shp.jpg
https://plants.usda.gov/plant-profile/ASVE,https://plants.sc.egov.usda.gov/ImageLibrary/standard/asve_003_shp.jpg
https://plants.usda.gov/plant-profile/ASPL,https://plants.sc.egov.usda.gov/ImageLibrary/standard/aspl_003_shp.jpg
https://plants.usda.gov/plant-profile/ASRH2,https://plants.sc.egov.usda.gov/ImageLibrary/standard/carh8_001_svd.jpg
https://plants.usda.gov/plant-profile/ASTR2,https://plants.sc.egov.usda.gov/ImageLibrary/standard/astr2_003_shp.jpg
https://plants.usda.gov/plant-profile/ATFI,https://plants.sc.egov.usda.gov/ImageLibrary/standard/atfi_001_svd.jpg
https://plants.usda.gov/plant-profile/ATCR2,https://plants.sc.egov.usda.gov/ImageLibrary/standard/atar_001_svd.jpg
https://plants.usda.gov/plant-profile/AUFL,
https://plants.usda.gov/plant-profile/AUVI,https://plants.sc.egov.usda.gov/ImageLibrary/standard/gevi10_001_svd.jpg
https://plants.usda.gov/plant-profile/BAHA,https://plants.sc.egov.usda.gov/ImageLibrary/standard/baha_002_svp.jpg
https://plants.usda.gov/plant-profile/BAVI3,https://plants.sc.egov.usda.gov/ImageLibrary/standard/bavi3_001_svd.jpg
https://plants.usda.gov/plant-profile/BEAL2,https://plants.sc.egov.usda.gov/ImageLibrary/standard/beal2_002_shp.jpg
https://plants.usda.gov/plant-profile/BELE,https://plants.sc.egov.usda.gov/ImageLibrary/standard/bele_002_shp.jpg
https://plants.usda.gov/plant-profile/BEPA,https://plants.sc.egov.usda.gov/ImageLibrary/standard/bepa_002_svp.jpg
https://plants.usda.gov/plant-profile/BEPO,https://plants.sc.egov.usda.gov/ImageLibrary/standard/bepo_002_shp.jpg
https://plants.usda.gov/plant-profile/BIBI7,https://plants.sc.egov.usda.gov/ImageLibrary/standard/bibi7_003_shp.jpg
https://plants.usda.gov/plant-profile/BICE,https://plants.sc.egov.usda.gov/ImageLibrary/standard/bice_003_svp.jpg
https://plants.usda.gov/plant-profile/BICO5,https://plants.sc.egov.usda.gov/ImageLibrary/standard/bico5_002_svp.jpg
https://plants.usda.gov/plant-profile/BICO,https://plants.sc.egov.usda.gov/ImageLibrary/standard/bico_002_shp.jpg
https://plants.usda.gov/plant-profile/BIFR,https://plants.sc.egov.usda.gov/ImageLibrary/standard/bifr_002_svp.jpg
https://plants.usda.gov/plant-profile/BOCY,https://plants.sc.egov.usda.gov/ImageLibrary/standard/bocy_002_svp.jpg
https://plants.usda.gov/plant-profile/BODI2,https://plants.sc.egov.usda.gov/ImageLibrary/standard/bodi2_001_svd.jpg
https://plants.usda.gov/plant-profile/BOVI,https://plants.sc.egov.usda.gov/ImageLibrary/standard/bovi_002_shp.jpg
https://plants.usda.gov/plant-profile/BRCI2,https://plants.sc.egov.usda.gov/ImageLibrary/standard/brci2_003_shp.jpg
https://plants.usda.gov/plant-profile/BRPU6,
https://plants.usda.gov/plant-profile/BUCA2,
https://plants.usda.gov/plant-profile/CAHE2,https://plants.sc.egov.usda.gov/ImageLibrary/standard/cahe2_001_shp.jpg
https://plants.usda.gov/plant-profile/CAPA5,https://plants.sc.egov.usda.gov/ImageLibrary/standard/capa5_002_shp.jpg
https://plants.usda.gov/plant-profile/CASP14,
https://plants.usda.gov/plant-profile/CABU3,https://plants.sc.egov.usda.gov/ImageLibrary/standard/cabu3_002_svp.jpg
https://plants.usda.gov/plant-profile/CACO26,https://plants.sc.egov.usda.gov/ImageLibrary/standard/dela5_002_shp.jpg
https://plants.usda.gov/plant-profile/CADI10,https://plants.sc.egov.usda.gov/ImageLibrary/standard/dedi6_001_svd.jpg
https://plants.usda.gov/plant-profile/CAPA12,https://plants.sc.egov.usda.gov/ImageLibrary/standard/capa12_001_svd.jpg
https://plants.usda.gov/plant-profile/CAALE,
https://plants.usda.gov/plant-profile/CACE,https://plants.sc.egov.usda.gov/ImageLibrary/standard/cace_002_svp.jpg
https://plants.usda.gov/plant-profile/CAEB2,https://plants.sc.egov.usda.gov/ImageLibrary/standard/caeb2_001_svd.jpg
https://plants.usda.gov/plant-profile/CAHI8,https://plants.sc.egov.usda.gov/ImageLibrary/standard/cahi8_001_svd.jpg
https://plants.usda.gov/plant-profile/CALU4,https://plants.sc.egov.usda.gov/ImageLibrary/standard/calu4_002_svp.jpg
https://plants.usda.gov/plant-profile/CAMU4,https://plants.sc.egov.usda.gov/ImageLibrary/standard/camu4_001_svd.jpg
https://plants.usda.gov/plant-profile/CAPE6,https://plants.sc.egov.usda.gov/ImageLibrary/standard/cape6_001_svd.jpg
https://plants.usda.gov/plant-profile/CAPL5,https://plants.sc.egov.usda.gov/ImageLibrary/standard/capl5_001_svd.jpg
https://plants.usda.gov/plant-profile/CASC9,https://plants.sc.egov.usda.gov/ImageLibrary/standard/casc9_001_svd.jpg
https://plants.usda.gov/plant-profile/CASQ2,https://plants.sc.egov.usda.gov/ImageLibrary/standard/casq2_002_svp.jpg
https://plants.usda.gov/plant-profile/CAUM4,https://plants.sc.egov.usda.gov/ImageLibrary/standard/caum4_001_svd.jpg
https://plants.usda.gov/plant-profile/CAVU2,https://plants.sc.egov.usda.gov/ImageLibrary/standard/cavu2_002_svp.jpg
https://plants.usda.gov/plant-profile/CACA18,https://plants.sc.egov.usda.gov/ImageLibrary/standard/caca18_005_shp.jpg
https://plants.usda.gov/plant-profile/CACO15,https://plants.sc.egov.usda.gov/ImageLibrary/standard/caco15_002_shp.jpg
https://plants.usda.gov/plant-profile/CAGL8,https://plants.sc.egov.usda.gov/ImageLibrary/standard/cagl8_001_svp.jpg
https://plants.usda.gov/plant-profile/CAOV3,https://plants.sc.egov.usda.gov/ImageLibrary/standard/caov3_001_svp.jpg
https://plants.usda.gov/plant-profile/CAOV2,https://plants.sc.egov.usda.gov/ImageLibrary/standard/caov2_001_svp.jpg
https://plants.usda.gov/plant-profile/CADE12,https://plants.sc.egov.usda.gov/ImageLibrary/standard/cade12_003_svp.jpg
https://plants.usda.gov/plant-profile/CATH2,https://plants.sc.egov.usda.gov/ImageLibrary/standard/cath2_003_shp.jpg
https://plants.usda.gov/plant-profile/CEAM,https://plants.sc.egov.usda.gov/ImageLibrary/standard/ceam_003_svp.jpg
https://plants.usda.gov/plant-profile/CESC,https://plants.sc.egov.usda.gov/ImageLibrary/standard/cesc_003_shp.jpg
https://plants.usda.gov/plant-profile/CEOC,https://plants.sc.egov.usda.gov/ImageLibrary/standard/ceoc_002_svp.jpg
https://plants.usda.gov/plant-profile/CELO3,https://plants.sc.egov.usda.gov/ImageLibrary/standard/ceca6_001_svd.jpg
https://plants.usda.gov/plant-profile/CETR,https://plants.sc.egov.usda.gov/ImageLibrary/standard/cetr_003_shp.jpg
https://plants.usda.gov/plant-profile/CEOC2,https://plants.sc.egov.usda.gov/ImageLibrary/standard/ceoc2_003_shp.jpg
https://plants.usda.gov/plant-profile/CHFA2,https://plants.sc.egov.usda.gov/ImageLibrary/standard/chfa2_002_svp.jpg
https://plants.usda.gov/plant-profile/CHNI2,https://plants.sc.egov.usda.gov/ImageLibrary/standard/chni2_003_shp.jpg
https://plants.usda.gov/plant-profile/CHTH2,https://plants.sc.egov.usda.gov/ImageLibrary/standard/chth2_002_shp.jpg
https://plants.usda.gov/plant-profile/CHLU,https://plants.sc.egov.usda.gov/ImageLibrary/standard/chlu_001_svd.jpg
https://plants.usda.gov/plant-profile/CHMA15,https://plants.sc.egov.usda.gov/ImageLibrary/standard/chma15_003_shp.jpg
https://plants.usda.gov/plant-profile/CHNU9,https://plants.sc.egov.usda.gov/ImageLibrary/standard/chnu9_001_shp.jpg
https://plants.usda.gov/plant-profile/CHPO6,https://plants.sc.egov.usda.gov/ImageLibrary/standard/chpo6_001_svd.jpg
https://plants.usda.gov/plant-profile/CHGL2,https://plants.sc.egov.usda.gov/ImageLibrary/standard/chgl2_002_svp.jpg
https://plants.usda.gov/plant-profile/CHSI2,https://plants.sc.egov.usda.gov/ImageLibrary/standard/chhy_001_svd.jpg
https://plants.usda.gov/plant-profile/CHMA3,https://plants.sc.egov.usda.gov/ImageLibrary/standard/chma3_001_svd.jpg
https://plants.usda.gov/plant-profile/CHUM,https://plants.sc.egov.usda.gov/ImageLibrary/standard/chum_001_svd.jpg
https://plants.usda.gov/plant-profile/CHAM2,https://plants.sc.egov.usda.gov/ImageLibrary/standard/cham2_001_svd.jpg
https://plants.usda.gov/plant-profile/CIMA2,https://plants.sc.egov.usda.gov/ImageLibrary/standard/cima2_002_shp.jpg
https://plants.usda.gov/plant-profile/ACRAR,https://plants.sc.egov.usda.gov/ImageLibrary/standard/cira_001_svd.jpg
https://plants.usda.gov/plant-profile/CIAR2,https://plants.sc.egov.usda.gov/ImageLibrary/standard/ciar2_002_svp.jpg
https://plants.usda.gov/plant-profile/CIHO2,https://plants.sc.egov.usda.gov/ImageLibrary/standard/ciho2_002_shp.jpg
https://plants.usda.gov/plant-profile/CIMU,https://plants.sc.egov.usda.gov/ImageLibrary/standard/cimu_001_svd.jpg
https://plants.usda.gov/plant-profile/CIPU4,https://plants.sc.egov.usda.gov/ImageLibrary/standard/ciod_001_svd.jpg
https://plants.usda.gov/plant-profile/CLVI3,https://plants.sc.egov.usda.gov/ImageLibrary/standard/clvi3_002_shp.jpg
https://plants.usda.gov/plant-profile/CLVI5,https://plants.sc.egov.usda.gov/ImageLibrary/standard/clvi5_002_shp.jpg
https://plants.usda.gov/plant-profile/CLAL3,https://plants.sc.egov.usda.gov/ImageLibrary/standard/clal3_002_svp.jpg
https://plants.usda.gov/plant-profile/COCA4,https://plants.sc.egov.usda.gov/ImageLibrary/standard/coca4_001_svd.jpg
https://plants.usda.gov/plant-profile/COER,https://plants.sc.egov.usda.gov/ImageLibrary/standard/coer_003_shp.jpg
https://plants.usda.gov/plant-profile/COPE80,https://plants.sc.egov.usda.gov/ImageLibrary/standard/cope80_002_shp.jpg
https://plants.usda.gov/plant-profile/COAM,https://plants.sc.egov.usda.gov/ImageLibrary/standard/coam_005_svp.jpg
https://plants.usda.gov/plant-profile/COCA5,https://plants.sc.egov.usda.gov/ImageLibrary/standard/coca5_001_shp.jpg
https://plants.usda.gov/plant-profile/COMA4,https://plants.sc.egov.usda.gov/ImageLibrary/standard/coma4_008_svp.jpg
https://plants.usda.gov/plant-profile/COOD7,https://plants.sc.egov.usda.gov/ImageLibrary/standard/cood_001_svd.jpg
https://plants.usda.gov/plant-profile/COAL2,https://plants.sc.egov.usda.gov/ImageLibrary/standard/coal2_002_shp.jpg
https://plants.usda.gov/plant-profile/COAM2,https://plants.sc.egov.usda.gov/ImageLibrary/standard/coam2_002_shp.jpg
https://plants.usda.gov/plant-profile/COFL2,https://plants.sc.egov.usda.gov/ImageLibrary/standard/cofl2_001_svp.jpg
https://plants.usda.gov/plant-profile/COFO,https://plants.sc.egov.usda.gov/ImageLibrary/standard/cofo_002_svp.jpg
https://plants.usda.gov/plant-profile/CORA6,https://plants.sc.egov.usda.gov/ImageLibrary/standard/cora6_001_shp.jpg
https://plants.usda.gov/plant-profile/CORU,https://plants.sc.egov.usda.gov/ImageLibrary/standard/coru_002_shp.jpg
https://plants.usda.gov/plant-profile/COSE16,https://plants.sc.egov.usda.gov/ImageLibrary/standard/cose16_001_shp.jpg
https://plants.usda.gov/plant-profile/COSE5,https://plants.sc.egov.usda.gov/ImageLibrary/standard/cose5_002_shp.jpg
https://plants.usda.gov/plant-profile/COAM3,https://plants.sc.egov.usda.gov/ImageLibrary/standard/coam3_002_shp.jpg
https://plants.usda.gov/plant-profile/CRCR2,https://plants.sc.egov.usda.gov/ImageLibrary/standard/crcr2_002_shp.jpg
https://plants.usda.gov/plant-profile/CRPE,
https://plants.usda.gov/plant-profile/CRPR2,https://plants.sc.egov.usda.gov/ImageLibrary/standard/crpr2_002_shp.jpg
https://plants.usda.gov/plant-profile/CRSA4,https://plants.sc.egov.usda.gov/ImageLibrary/standard/crsa4_001_svd.jpg
https://plants.usda.gov/plant-profile/CUVI,https://plants.sc.egov.usda.gov/ImageLibrary/standard/cupe4_001_shp.jpg
https://plants.usda.gov/plant-profile/CUGR,https://plants.sc.egov.usda.gov/ImageLibrary/standard/cugr_002_shp.jpg
https://plants.usda.gov/plant-profile/CYEC2,https://plants.sc.egov.usda.gov/ImageLibrary/standard/cyov_003_shp.jpg
https://plants.usda.gov/plant-profile/CYLUL,https://plants.sc.egov.usda.gov/ImageLibrary/standard/cyfi2_001_svd.jpg
https://plants.usda.gov/plant-profile/CYOD,https://plants.sc.egov.usda.gov/ImageLibrary/standard/cyfe3_002_shp.jpg
https://plants.usda.gov/plant-profile/CYSQ,https://plants.sc.egov.usda.gov/ImageLibrary/standard/cyar3_001_shp.jpg
https://plants.usda.gov/plant-profile/CYST,https://plants.sc.egov.usda.gov/ImageLibrary/standard/cyst_002_shp.jpg
https://plants.usda.gov/plant-profile/CYAC3,https://plants.sc.egov.usda.gov/ImageLibrary/standard/cyac3_001_svp.jpg
https://plants.usda.gov/plant-profile/CYPA19,https://plants.sc.egov.usda.gov/ImageLibrary/standard/cyar5_006_svp.jpg
https://plants.usda.gov/plant-profile/CYBU3,https://plants.sc.egov.usda.gov/ImageLibrary/standard/cybu3_001_svp.jpg
https://plants.usda.gov/plant-profile/CYFR2,https://plants.sc.egov.usda.gov/ImageLibrary/standard/cyfr2_003_shp.jpg
https://plants.usda.gov/plant-profile/DACO,https://plants.sc.egov.usda.gov/ImageLibrary/standard/daco_001_svd.jpg
https://plants.usda.gov/plant-profile/DASP2,https://plants.sc.egov.usda.gov/ImageLibrary/standard/dasp2_003_svp.jpg
https://plants.usda.gov/plant-profile/DEPU2,https://plants.sc.egov.usda.gov/ImageLibrary/standard/depu2_001_svd.jpg
https://plants.usda.gov/plant-profile/DEAC4,https://plants.sc.egov.usda.gov/ImageLibrary/standard/atth_001_svd.jpg
https://plants.usda.gov/plant-profile/DEFL,https://plants.sc.egov.usda.gov/ImageLibrary/standard/defl_003_shp.jpg
https://plants.usda.gov/plant-profile/DECA7,https://plants.sc.egov.usda.gov/ImageLibrary/standard/deca7_001_svp.jpg
https://plants.usda.gov/plant-profile/DECA8,https://plants.sc.egov.usda.gov/ImageLibrary/standard/deca8_001_shp.jpg
https://plants.usda.gov/plant-profile/DEGL4,https://plants.sc.egov.usda.gov/ImageLibrary/standard/megl4_001_svd.jpg
https://plants.usda.gov/plant-profile/DELA2,https://plants.sc.egov.usda.gov/ImageLibrary/standard/mela8_001_svd.jpg
https://plants.usda.gov/plant-profile/DEMA2,https://plants.sc.egov.usda.gov/ImageLibrary/standard/mema9_001_svd.jpg
https://plants.usda.gov/plant-profile/DENU4,https://plants.sc.egov.usda.gov/ImageLibrary/standard/menu2_001_svd.jpg
https://plants.usda.gov/plant-profile/DENU5,
https://plants.usda.gov/plant-profile/DEOB5,https://plants.sc.egov.usda.gov/ImageLibrary/standard/meob6_001_svd.jpg
https://plants.usda.gov/plant-profile/DEPA6,https://plants.sc.egov.usda.gov/ImageLibrary/standard/depa6_001_shp.jpg
https://plants.usda.gov/plant-profile/DERO3,https://plants.sc.egov.usda.gov/ImageLibrary/standard/memi5_001_svd.jpg
https://plants.usda.gov/plant-profile/DICU,https://plants.sc.egov.usda.gov/ImageLibrary/standard/dicu_001_svp.jpg
https://plants.usda.gov/plant-profile/DICL,https://plants.sc.egov.usda.gov/ImageLibrary/standard/dicl_001_shp.jpg
https://plants.usda.gov/plant-profile/DIDE4,https://plants.sc.egov.usda.gov/ImageLibrary/standard/dide4_001_svp.jpg
https://plants.usda.gov/plant-profile/DISC3,https://plants.sc.egov.usda.gov/ImageLibrary/standard/disc3_001_svp.jpg
https://plants.usda.gov/plant-profile/DILO,https://plants.sc.egov.usda.gov/ImageLibrary/standard/didi12_001_svd.jpg
https://plants.usda.gov/plant-profile/DIVI4,https://plants.sc.egov.usda.gov/ImageLibrary/standard/divi4_001_svd.jpg
https://plants.usda.gov/plant-profile/DIVI5,https://plants.sc.egov.usda.gov/ImageLibrary/standard/divi5_002_svp.jpg
https://plants.usda.gov/plant-profile/DISP,https://plants.sc.egov.usda.gov/ImageLibrary/standard/disp_002_svp.jpg
https://plants.usda.gov/plant-profile/DRRE2,https://plants.sc.egov.usda.gov/ImageLibrary/standard/drca8_001_svd.jpg
https://plants.usda.gov/plant-profile/DRCA11,https://plants.sc.egov.usda.gov/ImageLibrary/standard/drsp4_002_svp.jpg
https://plants.usda.gov/plant-profile/DRCR4,https://plants.sc.egov.usda.gov/ImageLibrary/standard/drcr4_001_svd.jpg
https://plants.usda.gov/plant-profile/DRIN5,https://plants.sc.egov.usda.gov/ImageLibrary/standard/drin5_001_svd.jpg
https://plants.usda.gov/plant-profile/DRMA4,https://plants.sc.egov.usda.gov/ImageLibrary/standard/drma4_001_svd.jpg
https://plants.usda.gov/plant-profile/DUAR3,https://plants.sc.egov.usda.gov/ImageLibrary/standard/duar3_002_svp.jpg
https://plants.usda.gov/plant-profile/ECLO,https://plants.sc.egov.usda.gov/ImageLibrary/standard/eclo_001_shp.jpg
https://plants.usda.gov/plant-profile/ELEL4,
https://plants.usda.gov/plant-profile/ELER,
https://plants.usda.gov/plant-profile/ELPA5,https://plants.sc.egov.usda.gov/ImageLibrary/standard/elpa5_001_shp.jpg
https://plants.usda.gov/plant-profile/ELRO2,https://plants.sc.egov.usda.gov/ImageLibrary/standard/elro2_002_svp.jpg
https://plants.usda.gov/plant-profile/ELCA4,https://plants.sc.egov.usda.gov/ImageLibrary/standard/elca4_003_svp.jpg
https://plants.usda.gov/plant-profile/ELHY,https://plants.sc.egov.usda.gov/ImageLibrary/standard/elhy_001_shp.jpg
https://plants.usda.gov/plant-profile/ELVI3,https://plants.sc.egov.usda.gov/ImageLibrary/standard/elvi3_005_shp.jpg
https://plants.usda.gov/plant-profile/EPVI2,https://plants.sc.egov.usda.gov/ImageLibrary/standard/levi14_001_svd.jpg
https://plants.usda.gov/plant-profile/EPCO,https://plants.sc.egov.usda.gov/ImageLibrary/standard/epco_002_shp.jpg
https://plants.usda.gov/plant-profile/EPLE2,https://plants.sc.egov.usda.gov/ImageLibrary/standard/eple2_001_shp.jpg
https://plants.usda.gov/plant-profile/EPPA,https://plants.sc.egov.usda.gov/ImageLibrary/standard/epli_001_svd.jpg
https://plants.usda.gov/plant-profile/EQAR,https://plants.sc.egov.usda.gov/ImageLibrary/standard/eqar_002_svp.jpg
https://plants.usda.gov/plant-profile/EQHY,https://plants.sc.egov.usda.gov/ImageLibrary/standard/eqhy_002_svp.jpg
https://plants.usda.gov/plant-profile/ERCA,https://plants.sc.egov.usda.gov/ImageLibrary/standard/erca_001_svd.jpg
https://plants.usda.gov/plant-profile/ERHY,https://plants.sc.egov.usda.gov/ImageLibrary/standard/erhy_002_svp.jpg
https://plants.usda.gov/plant-profile/ERPE,https://plants.sc.egov.usda.gov/ImageLibrary/standard/erpe_001_svd.jpg
https://plants.usda.gov/plant-profile/ERHI2,https://plants.sc.egov.usda.gov/ImageLibrary/standard/erhi9_002_svp.jpg
https://plants.usda.gov/plant-profile/ERAN,https://plants.sc.egov.usda.gov/ImageLibrary/standard/eran_002_shp.jpg
https://plants.usda.gov/plant-profile/ERPH,https://plants.sc.egov.usda.gov/ImageLibrary/standard/erph_002_svp.jpg
https://plants.usda.gov/plant-profile/ERST3,https://plants.sc.egov.usda.gov/ImageLibrary/standard/erst3_001_shp.jpg
https://plants.usda.gov/plant-profile/ERAM5,https://plants.sc.egov.usda.gov/ImageLibrary/standard/eram5_006_shp.jpg
https://plants.usda.gov/plant-profile/EUAM7,https://plants.sc.egov.usda.gov/ImageLibrary/standard/euam7_005_svp.jpg
https://plants.usda.gov/plant-profile/EUFI2,https://plants.sc.egov.usda.gov/ImageLibrary/standard/eufi_001_shp.jpg
https://plants.usda.gov/plant-profile/EUHY,https://plants.sc.egov.usda.gov/ImageLibrary/standard/euhy_001_svd.jpg
https://plants.usda.gov/plant-profile/EUPE3,https://plants.sc.egov.usda.gov/ImageLibrary/standard/eupe3_002_svp.jpg
https://plants.usda.gov/plant-profile/EUPU10,https://plants.sc.egov.usda.gov/ImageLibrary/standard/eupu10_001_svd.jpg
https://plants.usda.gov/plant-profile/EURO4,https://plants.sc.egov.usda.gov/ImageLibrary/standard/euro4_002_shp.jpg
https://plants.usda.gov/plant-profile/EUDI16,https://plants.sc.egov.usda.gov/ImageLibrary/standard/asca18_001_svd.jpg
https://plants.usda.gov/plant-profile/EUMA27,https://plants.sc.egov.usda.gov/ImageLibrary/standard/asia_001_svd.jpg
https://plants.usda.gov/plant-profile/EUGR5,https://plants.sc.egov.usda.gov/ImageLibrary/standard/eugr5_002_svp.jpg
https://plants.usda.gov/plant-profile/FAGR,https://plants.sc.egov.usda.gov/ImageLibrary/standard/fagr_002_svp.jpg
https://plants.usda.gov/plant-profile/FERU2,https://plants.sc.egov.usda.gov/ImageLibrary/standard/feru2_004_shp.jpg
https://plants.usda.gov/plant-profile/FRVI,https://plants.sc.egov.usda.gov/ImageLibrary/standard/frvi_001_svd.jpg
https://plants.usda.gov/plant-profile/FRAM2,https://plants.sc.egov.usda.gov/ImageLibrary/standard/fram2_002_shp.jpg
https://plants.usda.gov/plant-profile/FRNI,https://plants.sc.egov.usda.gov/ImageLibrary/standard/frni_002_shp.jpg
https://plants.usda.gov/plant-profile/FRPE,https://plants.sc.egov.usda.gov/ImageLibrary/standard/frpe_002_svp.jpg
https://plants.usda.gov/plant-profile/FUSQ,https://plants.sc.egov.usda.gov/ImageLibrary/standard/fusq_002_shp.jpg
https://plants.usda.gov/plant-profile/GAVO,https://plants.sc.egov.usda.gov/ImageLibrary/standard/gavo_001_svd.jpg
https://plants.usda.gov/plant-profile/GASP5,https://plants.sc.egov.usda.gov/ImageLibrary/standard/gasp5_005_svp.jpg
https://plants.usda.gov/plant-profile/GAAS2,https://plants.sc.egov.usda.gov/ImageLibrary/standard/gaas2_002_svp.jpg
https://plants.usda.gov/plant-profile/GACI2,https://plants.sc.egov.usda.gov/ImageLibrary/standard/gaci2_001_svd.jpg
https://plants.usda.gov/plant-profile/GALA3,https://plants.sc.egov.usda.gov/ImageLibrary/standard/gala3_001_svd.jpg
https://plants.usda.gov/plant-profile/GATR3,https://plants.sc.egov.usda.gov/ImageLibrary/standard/gatr3_002_shp.jpg
https://plants.usda.gov/plant-profile/GAPR2,https://plants.sc.egov.usda.gov/ImageLibrary/standard/gapr2_002_shp.jpg
https://plants.usda.gov/plant-profile/GABA,https://plants.sc.egov.usda.gov/ImageLibrary/standard/gaba_003_shp.jpg
https://plants.usda.gov/plant-profile/GAFR2,https://plants.sc.egov.usda.gov/ImageLibrary/standard/gafr2_002_shp.jpg
https://plants.usda.gov/plant-profile/GEAN,https://plants.sc.egov.usda.gov/ImageLibrary/standard/gean_001_shp.jpg
https://plants.usda.gov/plant-profile/GESA,
https://plants.usda.gov/plant-profile/GECR2,https://plants.sc.egov.usda.gov/ImageLibrary/standard/gecr2_001_svp.jpg
https://plants.usda.gov/plant-profile/GEMA,https://plants.sc.egov.usda.gov/ImageLibrary/standard/gema_004_shp.jpg
https://plants.usda.gov/plant-profile/GEVI4,https://plants.sc.egov.usda.gov/ImageLibrary/standard/gefl4_001_svd.jpg
https://plants.usda.gov/plant-profile/GLAC,https://plants.sc.egov.usda.gov/ImageLibrary/standard/glac_001_svd.jpg
https://plants.usda.gov/plant-profile/GLCA,https://plants.sc.egov.usda.gov/ImageLibrary/standard/glca_001_shp.jpg
https://plants.usda.gov/plant-profile/GOPU,https://plants.sc.egov.usda.gov/ImageLibrary/standard/gopu_004_svd.jpg
https://plants.usda.gov/plant-profile/HAVI4,https://plants.sc.egov.usda.gov/ImageLibrary/standard/havi4_003_svp.jpg
https://plants.usda.gov/plant-profile/HEDE,https://plants.sc.egov.usda.gov/ImageLibrary/standard/hede_001_svd.jpg
https://plants.usda.gov/plant-profile/HEDI2,https://plants.sc.egov.usda.gov/ImageLibrary/standard/hedi2_001_svd.jpg
https://plants.usda.gov/plant-profile/HEGI,https://plants.sc.egov.usda.gov/ImageLibrary/standard/hegi_003_shp.jpg
https://plants.usda.gov/plant-profile/HENOO,https://plants.sc.egov.usda.gov/ImageLibrary/standard/hehe8_001_svd.jpg
https://plants.usda.gov/plant-profile/HIMO,https://plants.sc.egov.usda.gov/ImageLibrary/standard/himo_002_shp.jpg
https://plants.usda.gov/plant-profile/HIGR3,https://plants.sc.egov.usda.gov/ImageLibrary/standard/higr3_001_svd.jpg
https://plants.usda.gov/plant-profile/HIPA2,https://plants.sc.egov.usda.gov/ImageLibrary/standard/hipa2_001_svd.jpg
https://plants.usda.gov/plant-profile/HISC,https://plants.sc.egov.usda.gov/ImageLibrary/standard/hisc_001_svd.jpg
https://plants.usda.gov/plant-profile/HIVE,https://plants.sc.egov.usda.gov/ImageLibrary/standard/hive_001_svd.jpg
https://plants.usda.gov/plant-profile/HIOD,https://plants.sc.egov.usda.gov/ImageLibrary/standard/hiod_001_svp.jpg
https://plants.usda.gov/plant-profile/HOPE,https://plants.sc.egov.usda.gov/ImageLibrary/standard/hope_001_svd.jpg
https://plants.usda.gov/plant-profile/HULU2,https://plants.sc.egov.usda.gov/ImageLibrary/standard/hulu2_001_shp.jpg
https://plants.usda.gov/plant-profile/HYCA3,https://plants.sc.egov.usda.gov/ImageLibrary/standard/hyca3_001_svd.jpg
https://plants.usda.gov/plant-profile/HYCA7,https://plants.sc.egov.usda.gov/ImageLibrary/standard/hyca7_002_shp.jpg
https://plants.usda.gov/plant-profile/HYPU,https://plants.sc.egov.usda.gov/ImageLibrary/standard/hypu_002_svp.jpg
https://plants.usda.gov/plant-profile/HYHI2,https://plants.sc.egov.usda.gov/ImageLibrary/standard/hyhi2_002_svp.jpg
https://plants.usda.gov/plant-profile/ILVE,https://plants.sc.egov.usda.gov/ImageLibrary/standard/ilve_002_shp.jpg
https://plants.usda.gov/plant-profile/IMCA,https://plants.sc.egov.usda.gov/ImageLibrary/standard/imbi2_001_svd.jpg
https://plants.usda.gov/plant-profile/IOLI2,https://plants.sc.egov.usda.gov/ImageLibrary/standard/ioli2_001_svd.jpg
https://plants.usda.gov/plant-profile/IRVE2,https://plants.sc.egov.usda.gov/ImageLibrary/standard/irve2_005_shp.jpg
https://plants.usda.gov/plant-profile/IVFR,https://plants.sc.egov.usda.gov/ImageLibrary/standard/ivfr_004_svp.jpg
https://plants.usda.gov/plant-profile/JUCI,https://plants.sc.egov.usda.gov/ImageLibrary/standard/juci_002_svp.jpg
https://plants.usda.gov/plant-profile/JUNI,https://plants.sc.egov.usda.gov/ImageLibrary/standard/juni_002_svp.jpg
https://plants.usda.gov/plant-profile/JUAC,https://plants.sc.egov.usda.gov/ImageLibrary/standard/juac_002_svp.jpg
https://plants.usda.gov/plant-profile/JUAR4,https://plants.sc.egov.usda.gov/ImageLibrary/standard/juar4_002_svp.jpg
https://plants.usda.gov/plant-profile/JUEF,https://plants.sc.egov.usda.gov/ImageLibrary/standard/juef_008_shp.jpg
https://plants.usda.gov/plant-profile/JUGE,https://plants.sc.egov.usda.gov/ImageLibrary/standard/juge_002_shp.jpg
https://plants.usda.gov/plant-profile/JUMA4,https://plants.sc.egov.usda.gov/ImageLibrary/standard/juma4_002_svp.jpg
https://plants.usda.gov/plant-profile/JUNO2,https://plants.sc.egov.usda.gov/ImageLibrary/standard/juno2_003_shp.jpg
https://plants.usda.gov/plant-profile/JUTE,https://plants.sc.egov.usda.gov/ImageLibrary/standard/jute_002_svp.jpg
https://plants.usda.gov/plant-profile/JUTO,https://plants.sc.egov.usda.gov/ImageLibrary/standard/juto_003_shp.jpg
https://plants.usda.gov/plant-profile/JUVI,https://plants.sc.egov.usda.gov/ImageLibrary/standard/juvi_003_svp.jpg
https://plants.usda.gov/plant-profile/KALA,https://plants.sc.egov.usda.gov/ImageLibrary/standard/kala_004_shp.jpg
https://plants.usda.gov/plant-profile/LABI,https://plants.sc.egov.usda.gov/ImageLibrary/standard/lasp4_001_svd.jpg
https://plants.usda.gov/plant-profile/LACA,https://plants.sc.egov.usda.gov/ImageLibrary/standard/laca_003_shp.jpg
https://plants.usda.gov/plant-profile/LACA3,https://plants.sc.egov.usda.gov/ImageLibrary/standard/laca3_001_shp.jpg
https://plants.usda.gov/plant-profile/LAPA4,https://plants.sc.egov.usda.gov/ImageLibrary/standard/lapa4_002_shp.jpg
https://plants.usda.gov/plant-profile/LEMA,https://plants.sc.egov.usda.gov/ImageLibrary/standard/lema_001_svd.jpg
https://plants.usda.gov/plant-profile/LEMU3,https://plants.sc.egov.usda.gov/ImageLibrary/standard/levi_001_svd.jpg
https://plants.usda.gov/plant-profile/LERA,https://plants.sc.egov.usda.gov/ImageLibrary/standard/lera_001_svd.jpg
https://plants.usda.gov/plant-profile/LEVI2,https://plants.sc.egov.usda.gov/ImageLibrary/standard/levi2_001_svp.jpg
https://plants.usda.gov/plant-profile/LEMI3,https://plants.sc.egov.usda.gov/ImageLibrary/standard/lemi3_002_shp.jpg
https://plants.usda.gov/plant-profile/LECA8,https://plants.sc.egov.usda.gov/ImageLibrary/standard/leca8_004_shp.jpg
https://plants.usda.gov/plant-profile/LEHI2,https://plants.sc.egov.usda.gov/ImageLibrary/standard/lehi2_003_shp.jpg
https://plants.usda.gov/plant-profile/LEPR,https://plants.sc.egov.usda.gov/ImageLibrary/standard/lepr_005_shp.jpg
https://plants.usda.gov/plant-profile/LEVI6,https://plants.sc.egov.usda.gov/ImageLibrary/standard/lein2_004_shp.jpg
hhttps://plants.usda.gov/plant-profile/EURA5,https://plants.sc.egov.usda.gov/ImageLibrary/standard/lein2_004_shp.jpg
https://plants.usda.gov/plant-profile/LISC2,
https://plants.usda.gov/plant-profile/LICH,https://plants.sc.egov.usda.gov/ImageLibrary/standard/lili7_001_svd.jpg
https://plants.usda.gov/plant-profile/LICA3,https://plants.sc.egov.usda.gov/ImageLibrary/standard/lica3_004_shp.jpg
https://plants.usda.gov/plant-profile/LIPH,https://plants.sc.egov.usda.gov/ImageLibrary/standard/liph_008_svp.jpg
https://plants.usda.gov/plant-profile/LISU,https://plants.sc.egov.usda.gov/ImageLibrary/standard/lisu_001_svd.jpg
https://plants.usda.gov/plant-profile/LICA17,https://plants.sc.egov.usda.gov/ImageLibrary/standard/lica17_001_svd.jpg
https://plants.usda.gov/plant-profile/LIBE3,https://plants.sc.egov.usda.gov/ImageLibrary/standard/libe3_001_shp.jpg
https://plants.usda.gov/plant-profile/LIDU,https://plants.sc.egov.usda.gov/ImageLibrary/standard/lidu_002_svd.jpg
https://plants.usda.gov/plant-profile/LIVI,https://plants.sc.egov.usda.gov/ImageLibrary/standard/cavi15_001_svd.jpg
https://plants.usda.gov/plant-profile/LILI3,https://plants.sc.egov.usda.gov/ImageLibrary/standard/lili3_002_svp.jpg
https://plants.usda.gov/plant-profile/LILO,https://plants.sc.egov.usda.gov/ImageLibrary/standard/lilo_001_svd.jpg
https://plants.usda.gov/plant-profile/LIST2,https://plants.sc.egov.usda.gov/ImageLibrary/standard/list2_009_svp.jpg
https://plants.usda.gov/plant-profile/LOCA2,https://plants.sc.egov.usda.gov/ImageLibrary/standard/loca2_011_shp.jpg
https://plants.usda.gov/plant-profile/LOIN,https://plants.sc.egov.usda.gov/ImageLibrary/standard/loin_001_svd.jpg
https://plants.usda.gov/plant-profile/LOSI,https://plants.sc.egov.usda.gov/ImageLibrary/standard/losi_003_svp.jpg
https://plants.usda.gov/plant-profile/LODI2,https://plants.sc.egov.usda.gov/ImageLibrary/standard/lodi2_001_svd.jpg
https://plants.usda.gov/plant-profile/LOSE,https://plants.sc.egov.usda.gov/ImageLibrary/standard/lose_002_shp.jpg
https://plants.usda.gov/plant-profile/LUAL2,https://plants.sc.egov.usda.gov/ImageLibrary/standard/lual2_002_shp.jpg
https://plants.usda.gov/plant-profile/LUPA,https://plants.sc.egov.usda.gov/ImageLibrary/standard/lupa_001_svp.jpg
https://plants.usda.gov/plant-profile/LYCO3,https://plants.sc.egov.usda.gov/ImageLibrary/standard/lyco3_001_svd.jpg
https://plants.usda.gov/plant-profile/LYOB,https://plants.sc.egov.usda.gov/ImageLibrary/standard/lyob_002_shp.jpg
https://plants.usda.gov/plant-profile/LYAM,https://plants.sc.egov.usda.gov/ImageLibrary/standard/lyam_002_svp.jpg
https://plants.usda.gov/plant-profile/LYUN,https://plants.sc.egov.usda.gov/ImageLibrary/standard/lyun_002_shp.jpg
https://plants.usda.gov/plant-profile/LYVI4,https://plants.sc.egov.usda.gov/ImageLibrary/standard/lyvi4_002_svp.jpg
https://plants.usda.gov/plant-profile/LYLI,https://plants.sc.egov.usda.gov/ImageLibrary/standard/lyli_001_shp.jpg
https://plants.usda.gov/plant-profile/LYMA2,https://plants.sc.egov.usda.gov/ImageLibrary/standard/lyma2_1h.jpg
https://plants.usda.gov/plant-profile/LYCI,https://plants.sc.egov.usda.gov/ImageLibrary/standard/lyci_001_shp.jpg
https://plants.usda.gov/plant-profile/LYHY,
https://plants.usda.gov/plant-profile/LYQU2,https://plants.sc.egov.usda.gov/ImageLibrary/standard/lyqu2_002_svp.jpg
https://plants.usda.gov/plant-profile/LYTE2,https://plants.sc.egov.usda.gov/ImageLibrary/standard/lyte2_001_svd.jpg
https://plants.usda.gov/plant-profile/LYTH2,https://plants.sc.egov.usda.gov/ImageLibrary/standard/lyth2_003_svd.jpg
https://plants.usda.gov/plant-profile/MACA4,https://plants.sc.egov.usda.gov/ImageLibrary/standard/maca4_003_shp.jpg
https://plants.usda.gov/plant-profile/MARA7,https://plants.sc.egov.usda.gov/ImageLibrary/standard/mara7_006_shp.jpg
https://plants.usda.gov/plant-profile/MACO5,https://plants.sc.egov.usda.gov/ImageLibrary/standard/maco5_003_shp.jpg
https://plants.usda.gov/plant-profile/MAST,https://plants.sc.egov.usda.gov/ImageLibrary/standard/mast_002_shp.jpg
https://plants.usda.gov/plant-profile/MEVI,https://plants.sc.egov.usda.gov/ImageLibrary/standard/mevi_004_shp.jpg
https://plants.usda.gov/plant-profile/MECA3,https://plants.sc.egov.usda.gov/ImageLibrary/standard/meca3_003_svp.jpg
https://plants.usda.gov/plant-profile/MISC,https://plants.sc.egov.usda.gov/ImageLibrary/standard/misc_002_shp.jpg
https://plants.usda.gov/plant-profile/MIAL2,https://plants.sc.egov.usda.gov/ImageLibrary/standard/mial2_002_shp.jpg
https://plants.usda.gov/plant-profile/MIRI,https://plants.sc.egov.usda.gov/ImageLibrary/standard/miri_001_svd.jpg
https://plants.usda.gov/plant-profile/MIRE,https://plants.sc.egov.usda.gov/ImageLibrary/standard/mire_002_svp.jpg
https://plants.usda.gov/plant-profile/MOHY3,https://plants.sc.egov.usda.gov/ImageLibrary/standard/mohy3_003_shp.jpg
https://plants.usda.gov/plant-profile/MOUN3,https://plants.sc.egov.usda.gov/ImageLibrary/standard/moun3_012_shp.jpg
https://plants.usda.gov/plant-profile/MOPE6,https://plants.sc.egov.usda.gov/ImageLibrary/standard/mope6_001_shp.jpg
https://plants.usda.gov/plant-profile/MORU2,https://plants.sc.egov.usda.gov/ImageLibrary/standard/moru2_003_shp.jpg
https://plants.usda.gov/plant-profile/MUSC,https://plants.sc.egov.usda.gov/ImageLibrary/standard/musc_002_shp.jpg
https://plants.usda.gov/plant-profile/MUSO,https://plants.sc.egov.usda.gov/ImageLibrary/standard/muso_001_svd.jpg
https://plants.usda.gov/plant-profile/MYVE,https://plants.sc.egov.usda.gov/ImageLibrary/standard/myvi2_001_svd.jpg
https://plants.usda.gov/plant-profile/NULU,https://plants.sc.egov.usda.gov/ImageLibrary/standard/nulu_001_svp.jpg
https://plants.usda.gov/plant-profile/NYODO,https://plants.sc.egov.usda.gov/ImageLibrary/standard/caod4_001_shd.jpg
https://plants.usda.gov/plant-profile/NYSY,https://plants.sc.egov.usda.gov/ImageLibrary/standard/nysy_007_svp.jpg
https://plants.usda.gov/plant-profile/OCAC,https://plants.sc.egov.usda.gov/ImageLibrary/standard/asac6_001_svd.jpg
https://plants.usda.gov/plant-profile/OEBI,https://plants.sc.egov.usda.gov/ImageLibrary/standard/oebi_003_shp.jpg
https://plants.usda.gov/plant-profile/OEPA5,
https://plants.usda.gov/plant-profile/OLUN,https://plants.sc.egov.usda.gov/ImageLibrary/standard/olun_001_svd.jpg
https://plants.usda.gov/plant-profile/OLRIR,https://plants.sc.egov.usda.gov/ImageLibrary/standard/sori2_004_shp.jpg
https://plants.usda.gov/plant-profile/ONSE,https://plants.sc.egov.usda.gov/ImageLibrary/standard/onse_002_svp.jpg
https://plants.usda.gov/plant-profile/ONVI2,https://plants.sc.egov.usda.gov/ImageLibrary/standard/onvi2_001_svd.jpg
https://plants.usda.gov/plant-profile/OPPU3,https://plants.sc.egov.usda.gov/ImageLibrary/standard/opvup_001_svd.jpg
https://plants.usda.gov/plant-profile/OPHU,https://plants.sc.egov.usda.gov/ImageLibrary/standard/ophu_011_shp.jpg
https://plants.usda.gov/plant-profile/ORUN,https://plants.sc.egov.usda.gov/ImageLibrary/standard/thun3_001_svd.jpg
https://plants.usda.gov/plant-profile/ORAQ,https://plants.sc.egov.usda.gov/ImageLibrary/standard/oraq_004_shp.jpg
https://plants.usda.gov/plant-profile/OSCI,https://plants.sc.egov.usda.gov/ImageLibrary/standard/osci_002_svp.jpg
https://plants.usda.gov/plant-profile/OSCL2,https://plants.sc.egov.usda.gov/ImageLibrary/standard/oscl2_005_svp.jpg
https://plants.usda.gov/plant-profile/OSRE,https://plants.sc.egov.usda.gov/ImageLibrary/standard/osre_002_svp.jpg
https://plants.usda.gov/plant-profile/OSVI,https://plants.sc.egov.usda.gov/ImageLibrary/standard/osvi_003_shp.jpg
https://plants.usda.gov/plant-profile/OXMO,https://plants.sc.egov.usda.gov/ImageLibrary/standard/oxac3_001_shd.jpg
https://plants.usda.gov/plant-profile/OXST,https://plants.sc.egov.usda.gov/ImageLibrary/standard/oxeu2_002_shp.jpg
https://plants.usda.gov/plant-profile/OXVI,https://plants.sc.egov.usda.gov/ImageLibrary/standard/oxvi_001_svp.jpg
https://plants.usda.gov/plant-profile/PAAU3,https://plants.sc.egov.usda.gov/ImageLibrary/standard/seau2_002_shp.jpg
https://plants.usda.gov/plant-profile/PAQU,https://plants.sc.egov.usda.gov/ImageLibrary/standard/paqu_001_svd.jpg
https://plants.usda.gov/plant-profile/PATR2,https://plants.sc.egov.usda.gov/ImageLibrary/standard/patr2_001_svd.jpg
https://plants.usda.gov/plant-profile/PACA6,https://plants.sc.egov.usda.gov/ImageLibrary/standard/paca6_002_svp.jpg
https://plants.usda.gov/plant-profile/PAVE2,https://plants.sc.egov.usda.gov/ImageLibrary/standard/pave2_002_shp.jpg
https://plants.usda.gov/plant-profile/PAVI2,https://plants.sc.egov.usda.gov/ImageLibrary/standard/pavi2_002_shp.jpg
https://plants.usda.gov/plant-profile/PAPE5,https://plants.sc.egov.usda.gov/ImageLibrary/standard/pape5_002_shp.jpg
https://plants.usda.gov/plant-profile/PAGL3,https://plants.sc.egov.usda.gov/ImageLibrary/standard/pagl3_001_shp.jpg
https://plants.usda.gov/plant-profile/PAQU2,https://plants.sc.egov.usda.gov/ImageLibrary/standard/paqu2_003_shp.jpg
https://plants.usda.gov/plant-profile/PASE5,https://plants.sc.egov.usda.gov/ImageLibrary/standard/past7_003_shp.jpg
https://plants.usda.gov/plant-profile/PECA,https://plants.sc.egov.usda.gov/ImageLibrary/standard/peca_005_shp.jpg
https://plants.usda.gov/plant-profile/PELA2,https://plants.sc.egov.usda.gov/ImageLibrary/standard/pela2_001_svd.jpg
https://plants.usda.gov/plant-profile/PEAT2,https://plants.sc.egov.usda.gov/ImageLibrary/standard/peat2_003_shp.jpg
https://plants.usda.gov/plant-profile/PESE6,https://plants.sc.egov.usda.gov/ImageLibrary/standard/pese6_004_shp.jpg
https://plants.usda.gov/plant-profile/PHPO2,https://plants.sc.egov.usda.gov/ImageLibrary/standard/phpo2_004_shp.jpg
https://plants.usda.gov/plant-profile/PHCO24,https://plants.sc.egov.usda.gov/ImageLibrary/standard/drph2_001_svd.jpg
https://plants.usda.gov/plant-profile/PHHE11,https://plants.sc.egov.usda.gov/ImageLibrary/standard/drhe3_001_svd.jpg
https://plants.usda.gov/plant-profile/PHPY4,https://plants.sc.egov.usda.gov/ImageLibrary/standard/arar7_003_shp.jpg
https://plants.usda.gov/plant-profile/PHAU7,https://plants.sc.egov.usda.gov/ImageLibrary/standard/phau7_001_svp.jpg
https://plants.usda.gov/plant-profile/PHLE5,https://plants.sc.egov.usda.gov/ImageLibrary/standard/phle5_001_svd.jpg
https://plants.usda.gov/plant-profile/PHHE5,https://plants.sc.egov.usda.gov/ImageLibrary/standard/phhe5_003_shp.jpg
https://plants.usda.gov/plant-profile/PHVI5,https://plants.sc.egov.usda.gov/ImageLibrary/standard/phvi5_003_shp.jpg
https://plants.usda.gov/plant-profile/PHAM4,https://plants.sc.egov.usda.gov/ImageLibrary/standard/pham4_002_svp.jpg
https://plants.usda.gov/plant-profile/PIPU2,https://plants.sc.egov.usda.gov/ImageLibrary/standard/pipu2_003_shp.jpg
https://plants.usda.gov/plant-profile/PIRI,https://plants.sc.egov.usda.gov/ImageLibrary/standard/piri_002_shp.jpg
https://plants.usda.gov/plant-profile/PIST,https://plants.sc.egov.usda.gov/ImageLibrary/standard/pist_002_shp.jpg
https://plants.usda.gov/plant-profile/PLCO2,https://plants.sc.egov.usda.gov/ImageLibrary/standard/plco2_002_shp.jpg
https://plants.usda.gov/plant-profile/PLMA3,https://plants.sc.egov.usda.gov/ImageLibrary/standard/plma3_001_svd.jpg
https://plants.usda.gov/plant-profile/PLCI2,https://plants.sc.egov.usda.gov/ImageLibrary/standard/blci2_001_svd.jpg
https://plants.usda.gov/plant-profile/PLFL,
https://plants.usda.gov/plant-profile/PLLA2,https://plants.sc.egov.usda.gov/ImageLibrary/standard/blla2_001_svd.jpg
https://plants.usda.gov/plant-profile/PLOC,https://plants.sc.egov.usda.gov/ImageLibrary/standard/ploc_004_shp.jpg
https://plants.usda.gov/plant-profile/PLOD,https://plants.sc.egov.usda.gov/ImageLibrary/standard/plod_001_svd.jpg
https://plants.usda.gov/plant-profile/POPE,https://plants.sc.egov.usda.gov/ImageLibrary/standard/pope_002_svp.jpg
https://plants.usda.gov/plant-profile/POIN4,https://plants.sc.egov.usda.gov/ImageLibrary/standard/poin4_002_shp.jpg
https://plants.usda.gov/plant-profile/POSA3,https://plants.sc.egov.usda.gov/ImageLibrary/standard/posa3_002_svp.jpg
https://plants.usda.gov/plant-profile/POVE,https://plants.sc.egov.usda.gov/ImageLibrary/standard/pove_003_shp.jpg
https://plants.usda.gov/plant-profile/POPU4,
https://plants.usda.gov/plant-profile/POAM8,https://plants.sc.egov.usda.gov/ImageLibrary/standard/poam8_001_shp.jpg
https://plants.usda.gov/plant-profile/POAR6,https://plants.sc.egov.usda.gov/ImageLibrary/standard/poar6_001_shp.jpg
https://plants.usda.gov/plant-profile/POCA8,https://plants.sc.egov.usda.gov/ImageLibrary/standard/peca30_001_svd.jpg
https://plants.usda.gov/plant-profile/POER2,https://plants.sc.egov.usda.gov/ImageLibrary/standard/poer2_001_svd.jpg
https://plants.usda.gov/plant-profile/POHY2,https://plants.sc.egov.usda.gov/ImageLibrary/standard/pohy2_001_shp.jpg
https://plants.usda.gov/plant-profile/POPE2,https://plants.sc.egov.usda.gov/ImageLibrary/standard/pope2_001_shp.jpg
https://plants.usda.gov/plant-profile/POPU5,https://plants.sc.egov.usda.gov/ImageLibrary/standard/popu5_001_svp.jpg
https://plants.usda.gov/plant-profile/PORA3,https://plants.sc.egov.usda.gov/ImageLibrary/standard/pora3_001_svd.jpg
https://plants.usda.gov/plant-profile/POSA5,https://plants.sc.egov.usda.gov/ImageLibrary/standard/posag_001_shp.jpg
https://plants.usda.gov/plant-profile/POSC3,https://plants.sc.egov.usda.gov/ImageLibrary/standard/posc3_001_svp.jpg
https://plants.usda.gov/plant-profile/POTE2,https://plants.sc.egov.usda.gov/ImageLibrary/standard/pote2_001_svd.jpg
https://plants.usda.gov/plant-profile/POVI2,https://plants.sc.egov.usda.gov/ImageLibrary/standard/povi2_001_svp.jpg
https://plants.usda.gov/plant-profile/POVI7,https://plants.sc.egov.usda.gov/ImageLibrary/standard/povu3_001_svd.jpg
https://plants.usda.gov/plant-profile/POAC4,https://plants.sc.egov.usda.gov/ImageLibrary/standard/poac4_001_svd.jpg
https://plants.usda.gov/plant-profile/PODE3,https://plants.sc.egov.usda.gov/ImageLibrary/standard/pode3_002_svp.jpg
https://plants.usda.gov/plant-profile/POGR4,https://plants.sc.egov.usda.gov/ImageLibrary/standard/pogr4_004_svp.jpg
https://plants.usda.gov/plant-profile/POTR5,https://plants.sc.egov.usda.gov/ImageLibrary/standard/potr10_001_shp.jpg
https://plants.usda.gov/plant-profile/POCA17,https://plants.sc.egov.usda.gov/ImageLibrary/standard/poca17_001_svd.jpg
https://plants.usda.gov/plant-profile/PONO3,https://plants.sc.egov.usda.gov/ImageLibrary/standard/pono3_001_shp.jpg
https://plants.usda.gov/plant-profile/POSI2,https://plants.sc.egov.usda.gov/ImageLibrary/standard/posi2_002_svp.jpg
https://plants.usda.gov/plant-profile/PRAL3,https://plants.sc.egov.usda.gov/ImageLibrary/standard/naal3_001_svd.jpg
https://plants.usda.gov/plant-profile/PRPA3,https://plants.sc.egov.usda.gov/ImageLibrary/standard/prpa3_002_svp.jpg
https://plants.usda.gov/plant-profile/PRMA2,https://plants.sc.egov.usda.gov/ImageLibrary/standard/prma2_004_shp.jpg
https://plants.usda.gov/plant-profile/PRPE2,https://plants.sc.egov.usda.gov/ImageLibrary/standard/prpe2_001_svd.jpg
https://plants.usda.gov/plant-profile/PRSE2,https://plants.sc.egov.usda.gov/ImageLibrary/standard/prse2_002_shp.jpg
https://plants.usda.gov/plant-profile/PSOB3,
https://plants.usda.gov/plant-profile/PTTR,https://plants.sc.egov.usda.gov/ImageLibrary/standard/pttr_002_shp.jpg
https://plants.usda.gov/plant-profile/PTAQ,https://plants.sc.egov.usda.gov/ImageLibrary/standard/ptaq_006_shp.jpg
https://plants.usda.gov/plant-profile/PYCL,https://plants.sc.egov.usda.gov/ImageLibrary/standard/kocl_001_svd.jpg
https://plants.usda.gov/plant-profile/PYIN,
https://plants.usda.gov/plant-profile/PYMU,https://plants.sc.egov.usda.gov/ImageLibrary/standard/komu2_001_svd.jpg
https://plants.usda.gov/plant-profile/PYTE,https://plants.sc.egov.usda.gov/ImageLibrary/standard/pyte_001_shp.jpg
https://plants.usda.gov/plant-profile/PYTO,
https://plants.usda.gov/plant-profile/PYVI,https://plants.sc.egov.usda.gov/ImageLibrary/standard/kovi3_001_svd.jpg
https://plants.usda.gov/plant-profile/PYAM,https://plants.sc.egov.usda.gov/ImageLibrary/standard/pyam_001_svd.jpg
https://plants.usda.gov/plant-profile/PYEL,https://plants.sc.egov.usda.gov/ImageLibrary/standard/pyel_001_svd.jpg
https://plants.usda.gov/plant-profile/QUAL,https://plants.sc.egov.usda.gov/ImageLibrary/standard/qual_005_shp.jpg
https://plants.usda.gov/plant-profile/QUBI,https://plants.sc.egov.usda.gov/ImageLibrary/standard/qubi_002_shp.jpg
https://plants.usda.gov/plant-profile/QUCO2,https://plants.sc.egov.usda.gov/ImageLibrary/standard/quco2_005_shp.jpg
https://plants.usda.gov/plant-profile/QUPA2,https://plants.sc.egov.usda.gov/ImageLibrary/standard/qupa2_016_svp.jpg
https://plants.usda.gov/plant-profile/QUPR,https://plants.sc.egov.usda.gov/ImageLibrary/standard/qupr_002_svp.jpg
https://plants.usda.gov/plant-profile/QUPR2,https://plants.sc.egov.usda.gov/ImageLibrary/standard/qupr2_002_shp.jpg
https://plants.usda.gov/plant-profile/QURU,https://plants.sc.egov.usda.gov/ImageLibrary/standard/quru_005_shp.jpg
https://plants.usda.gov/plant-profile/QUST,https://plants.sc.egov.usda.gov/ImageLibrary/standard/qust_002_svp.jpg
https://plants.usda.gov/plant-profile/QUVE,https://plants.sc.egov.usda.gov/ImageLibrary/standard/quve_002_shp.jpg
https://plants.usda.gov/plant-profile/RAAB,https://plants.sc.egov.usda.gov/ImageLibrary/standard/raab_002_svp.jpg
https://plants.usda.gov/plant-profile/RAFL2,https://plants.sc.egov.usda.gov/ImageLibrary/standard/rafl2_001_shp.jpg
https://plants.usda.gov/plant-profile/RAPE2,https://plants.sc.egov.usda.gov/ImageLibrary/standard/rape2_002_svp.jpg
https://plants.usda.gov/plant-profile/RAPU,https://plants.sc.egov.usda.gov/ImageLibrary/standard/rapu_002_shp.jpg
https://plants.usda.gov/plant-profile/RARE2,https://plants.sc.egov.usda.gov/ImageLibrary/standard/rare2_002_shp.jpg
https://plants.usda.gov/plant-profile/RASC3,https://plants.sc.egov.usda.gov/ImageLibrary/standard/rasc3_002_shp.jpg
https://plants.usda.gov/plant-profile/RHVI,https://plants.sc.egov.usda.gov/ImageLibrary/standard/rhvi_002_svp.jpg
https://plants.usda.gov/plant-profile/RHVI2,https://plants.sc.egov.usda.gov/ImageLibrary/standard/rhse_001_shp.jpg
https://plants.usda.gov/plant-profile/RHCO,https://plants.sc.egov.usda.gov/ImageLibrary/standard/rhco_001_svd.jpg
https://plants.usda.gov/plant-profile/RHAL3,https://plants.sc.egov.usda.gov/ImageLibrary/standard/rhal3_002_svp.jpg
https://plants.usda.gov/plant-profile/RHCA12,https://plants.sc.egov.usda.gov/ImageLibrary/standard/rhca12_001_svp.jpg
https://plants.usda.gov/plant-profile/RIAM2,https://plants.sc.egov.usda.gov/ImageLibrary/standard/riam2_002_shp.jpg
https://plants.usda.gov/plant-profile/ROCA4,https://plants.sc.egov.usda.gov/ImageLibrary/standard/roca4_002_shp.jpg
https://plants.usda.gov/plant-profile/ROPA,https://plants.sc.egov.usda.gov/ImageLibrary/standard/ropa_001_shp.jpg
https://plants.usda.gov/plant-profile/ROVI2,https://plants.sc.egov.usda.gov/ImageLibrary/standard/rovi2_002_shp.jpg
https://plants.usda.gov/plant-profile/RUAL,https://plants.sc.egov.usda.gov/ImageLibrary/standard/rual_002_shp.jpg
https://plants.usda.gov/plant-profile/RUCA16,https://plants.sc.egov.usda.gov/ImageLibrary/standard/ruca16_003_shp.jpg
https://plants.usda.gov/plant-profile/RUCU,https://plants.sc.egov.usda.gov/ImageLibrary/standard/rucu_002_shp.jpg
https://plants.usda.gov/plant-profile/RUFL,https://plants.sc.egov.usda.gov/ImageLibrary/standard/ruen_001_shp.jpg
https://plants.usda.gov/plant-profile/RUHI,https://plants.sc.egov.usda.gov/ImageLibrary/standard/ruhi_002_svp.jpg
https://plants.usda.gov/plant-profile/RUOC,https://plants.sc.egov.usda.gov/ImageLibrary/standard/ruoc_002_shp.jpg
https://plants.usda.gov/plant-profile/RUOD,https://plants.sc.egov.usda.gov/ImageLibrary/standard/ruod_005_shp.jpg
https://plants.usda.gov/plant-profile/RUPE3,
https://plants.usda.gov/plant-profile/RUOR2,https://plants.sc.egov.usda.gov/ImageLibrary/standard/ruor2_001_svp.jpg
https://plants.usda.gov/plant-profile/SAAN,https://plants.sc.egov.usda.gov/ImageLibrary/standard/saan_002_svp.jpg
https://plants.usda.gov/plant-profile/SACA26,https://plants.sc.egov.usda.gov/ImageLibrary/standard/saca26_001_svd.jpg
https://plants.usda.gov/plant-profile/SADO,https://plants.sc.egov.usda.gov/ImageLibrary/standard/sado_001_svd.jpg
https://plants.usda.gov/plant-profile/SAGR,https://plants.sc.egov.usda.gov/ImageLibrary/standard/sagr_001_svd.jpg
https://plants.usda.gov/plant-profile/SALA2,https://plants.sc.egov.usda.gov/ImageLibrary/standard/sala2_002_svp.jpg
https://plants.usda.gov/plant-profile/SACA4,https://plants.sc.egov.usda.gov/ImageLibrary/standard/saca4_002_svp.jpg
https://plants.usda.gov/plant-profile/SADI,https://plants.sc.egov.usda.gov/ImageLibrary/standard/sadi_002_svp.jpg
https://plants.usda.gov/plant-profile/SAER,https://plants.sc.egov.usda.gov/ImageLibrary/standard/saco24_001_svd.jpg
https://plants.usda.gov/plant-profile/SAHU2,https://plants.sc.egov.usda.gov/ImageLibrary/standard/sahu2_002_shp.jpg
https://plants.usda.gov/plant-profile/SANI,https://plants.sc.egov.usda.gov/ImageLibrary/standard/sani_007_svp.jpg
https://plants.usda.gov/plant-profile/SASE,https://plants.sc.egov.usda.gov/ImageLibrary/standard/sase_002_shp.jpg
https://plants.usda.gov/plant-profile/SALY2,https://plants.sc.egov.usda.gov/ImageLibrary/standard/saly2_003_svp.jpg
https://plants.usda.gov/plant-profile/SANIC4,https://plants.sc.egov.usda.gov/ImageLibrary/standard/saca12_002_shp.jpg
https://plants.usda.gov/plant-profile/SACA13,https://plants.sc.egov.usda.gov/ImageLibrary/standard/saca13_002_svp.jpg
https://plants.usda.gov/plant-profile/SAPE11,https://plants.sc.egov.usda.gov/ImageLibrary/standard/saam10_001_svd.jpg
https://plants.usda.gov/plant-profile/SAAL5,https://plants.sc.egov.usda.gov/ImageLibrary/standard/saal5_003_svp.jpg
https://plants.usda.gov/plant-profile/SACE,https://plants.sc.egov.usda.gov/ImageLibrary/standard/sace_002_shp.jpg
https://plants.usda.gov/plant-profile/SAPE8,https://plants.sc.egov.usda.gov/ImageLibrary/standard/mipe4_001_svd.jpg
https://plants.usda.gov/plant-profile/SAVI5,
https://plants.usda.gov/plant-profile/SCSC,https://plants.sc.egov.usda.gov/ImageLibrary/standard/scsc_002_svp.jpg
https://plants.usda.gov/plant-profile/SCAM6,https://plants.sc.egov.usda.gov/ImageLibrary/standard/scam2_003_shp.jpg
https://plants.usda.gov/plant-profile/SCFL11,https://plants.sc.egov.usda.gov/ImageLibrary/standard/scfl_002_shp.jpg
https://plants.usda.gov/plant-profile/SCTA2,https://plants.sc.egov.usda.gov/ImageLibrary/standard/scta2_001_svp.jpg
https://plants.usda.gov/plant-profile/SCEX,https://plants.sc.egov.usda.gov/ImageLibrary/standard/scsy80_001_svd.jpg
https://plants.usda.gov/plant-profile/SCTR,https://plants.sc.egov.usda.gov/ImageLibrary/standard/sctr_001_svd.jpg
https://plants.usda.gov/plant-profile/SCLA,https://plants.sc.egov.usda.gov/ImageLibrary/standard/scla_004_svp.jpg
https://plants.usda.gov/plant-profile/SCMA2,https://plants.sc.egov.usda.gov/ImageLibrary/standard/scma2_001_svd.jpg
https://plants.usda.gov/plant-profile/SCEL,
https://plants.usda.gov/plant-profile/SCGA,https://plants.sc.egov.usda.gov/ImageLibrary/standard/scga_002_svp.jpg
https://plants.usda.gov/plant-profile/SCLA2,https://plants.sc.egov.usda.gov/ImageLibrary/standard/scla2_002_svp.jpg
https://plants.usda.gov/plant-profile/SEAP,https://plants.sc.egov.usda.gov/ImageLibrary/standard/seap3_001_svd.jpg
https://plants.usda.gov/plant-profile/SEAS3,https://plants.sc.egov.usda.gov/ImageLibrary/standard/seas3_001_svd.jpg
https://plants.usda.gov/plant-profile/SELI5,https://plants.sc.egov.usda.gov/ImageLibrary/standard/seli5_001_svd.jpg
https://plants.usda.gov/plant-profile/SIAN,https://plants.sc.egov.usda.gov/ImageLibrary/standard/sian_002_svp.jpg
https://plants.usda.gov/plant-profile/SIAN2,https://plants.sc.egov.usda.gov/ImageLibrary/standard/sian2_002_svp.jpg
https://plants.usda.gov/plant-profile/SICAP,
https://plants.usda.gov/plant-profile/SIST,https://plants.sc.egov.usda.gov/ImageLibrary/standard/sist_001_svd.jpg
https://plants.usda.gov/plant-profile/SIAN3,https://plants.sc.egov.usda.gov/ImageLibrary/standard/sian3_002_shp.jpg
https://plants.usda.gov/plant-profile/SMGL,https://plants.sc.egov.usda.gov/ImageLibrary/standard/smgl_002_shp.jpg
https://plants.usda.gov/plant-profile/SMHE,https://plants.sc.egov.usda.gov/ImageLibrary/standard/smhe_001_svd.jpg
https://plants.usda.gov/plant-profile/SMRO,https://plants.sc.egov.usda.gov/ImageLibrary/standard/smro_002_shp.jpg
https://plants.usda.gov/plant-profile/SOBI,https://plants.sc.egov.usda.gov/ImageLibrary/standard/sobi_001_svd.jpg
https://plants.usda.gov/plant-profile/SOCA4,https://plants.sc.egov.usda.gov/ImageLibrary/standard/soca4_002_shp.jpg
https://plants.usda.gov/plant-profile/SOCA6,https://plants.sc.egov.usda.gov/ImageLibrary/standard/soca6_002_shp.jpg
https://plants.usda.gov/plant-profile/SOFL2,https://plants.sc.egov.usda.gov/ImageLibrary/standard/sofl2_002_svp.jpg
https://plants.usda.gov/plant-profile/SONE,https://plants.sc.egov.usda.gov/ImageLibrary/standard/sone_004_shp.jpg
https://plants.usda.gov/plant-profile/SOOD,https://plants.sc.egov.usda.gov/ImageLibrary/standard/sood_001_svd.jpg
https://plants.usda.gov/plant-profile/SOPA2,https://plants.sc.egov.usda.gov/ImageLibrary/standard/sopa2_002_shp.jpg
https://plants.usda.gov/plant-profile/SOSE,https://plants.sc.egov.usda.gov/ImageLibrary/standard/sose_002_shp.jpg
https://plants.usda.gov/plant-profile/SOSP2,https://plants.sc.egov.usda.gov/ImageLibrary/standard/sosp2_001_svd.jpg
https://plants.usda.gov/plant-profile/SPAN,https://plants.sc.egov.usda.gov/ImageLibrary/standard/span_002_shp.jpg
https://plants.usda.gov/plant-profile/SPAL,https://plants.sc.egov.usda.gov/ImageLibrary/standard/spal_002_shp.jpg
https://plants.usda.gov/plant-profile/SPCY,https://plants.sc.egov.usda.gov/ImageLibrary/standard/spcy_001_svd.jpg
https://plants.usda.gov/plant-profile/SPPA,https://plants.sc.egov.usda.gov/ImageLibrary/standard/sppa_001_svd.jpg
https://plants.usda.gov/plant-profile/SPNI,https://plants.sc.egov.usda.gov/ImageLibrary/standard/spni_001_svd.jpg
https://plants.usda.gov/plant-profile/SPOB,https://plants.sc.egov.usda.gov/ImageLibrary/standard/spob_002_svp.jpg
https://plants.usda.gov/plant-profile/SPPE3,https://plants.sc.egov.usda.gov/ImageLibrary/standard/trpe6_001_svd.jpg
https://plants.usda.gov/plant-profile/SPAL2,https://plants.sc.egov.usda.gov/ImageLibrary/standard/spal2_002_svp.jpg
https://plants.usda.gov/plant-profile/SPTO2,https://plants.sc.egov.usda.gov/ImageLibrary/standard/spto2_002_shp.jpg
https://plants.usda.gov/plant-profile/SPCE,https://plants.sc.egov.usda.gov/ImageLibrary/standard/spce_001_svp.jpg
https://plants.usda.gov/plant-profile/SPLAG,https://plants.sc.egov.usda.gov/ImageLibrary/standard/splag_001_shp.jpg
https://plants.usda.gov/plant-profile/SPCO16,
https://plants.usda.gov/plant-profile/STHY3,https://plants.sc.egov.usda.gov/ImageLibrary/standard/stat2_001_svd.jpg
https://plants.usda.gov/plant-profile/STTE,https://plants.sc.egov.usda.gov/ImageLibrary/standard/stte_002_shp.jpg
https://plants.usda.gov/plant-profile/STTR,https://plants.sc.egov.usda.gov/ImageLibrary/standard/sttr_003_shp.jpg
https://plants.usda.gov/plant-profile/STHE9,https://plants.sc.egov.usda.gov/ImageLibrary/standard/sthe4_002_shp.jpg
https://plants.usda.gov/plant-profile/SYCO4,https://plants.sc.egov.usda.gov/ImageLibrary/standard/asco4_001_svd.jpg
https://plants.usda.gov/plant-profile/SYERE,https://plants.sc.egov.usda.gov/ImageLibrary/standard/aser3_003_shp.jpg
https://plants.usda.gov/plant-profile/SYLAL4,https://plants.sc.egov.usda.gov/ImageLibrary/standard/assi2_001_shp.jpg
https://plants.usda.gov/plant-profile/SYLO2,https://plants.sc.egov.usda.gov/ImageLibrary/standard/aslo9_001_svd.jpg
https://plants.usda.gov/plant-profile/SYNO2,https://plants.sc.egov.usda.gov/ImageLibrary/standard/asno_002_shp.jpg
https://plants.usda.gov/plant-profile/SYNO3,https://plants.sc.egov.usda.gov/ImageLibrary/standard/syno3_001_svd.jpg
https://plants.usda.gov/plant-profile/SYPUP,https://plants.sc.egov.usda.gov/ImageLibrary/standard/aslu_001_shp.jpg
https://plants.usda.gov/plant-profile/SYRA5,
https://plants.usda.gov/plant-profile/SYFO,https://plants.sc.egov.usda.gov/ImageLibrary/standard/syfo_001_svp.jpg
https://plants.usda.gov/plant-profile/TECA3,https://plants.sc.egov.usda.gov/ImageLibrary/standard/teca3_003_svp.jpg
https://plants.usda.gov/plant-profile/THDI,https://plants.sc.egov.usda.gov/ImageLibrary/standard/thdi_001_svd.jpg
https://plants.usda.gov/plant-profile/THPU2,https://plants.sc.egov.usda.gov/ImageLibrary/standard/thpo8_003_shp.jpg
https://plants.usda.gov/plant-profile/THTH2,https://plants.sc.egov.usda.gov/ImageLibrary/standard/thth2_001_shp.jpg
https://plants.usda.gov/plant-profile/THTRA,
https://plants.usda.gov/plant-profile/THNO,https://plants.sc.egov.usda.gov/ImageLibrary/standard/thno_001_shp.jpg
https://plants.usda.gov/plant-profile/THPA,https://plants.sc.egov.usda.gov/ImageLibrary/standard/thpa_001_svd.jpg
https://plants.usda.gov/plant-profile/TIAM,https://plants.sc.egov.usda.gov/ImageLibrary/standard/tiam_002_svp.jpg
https://plants.usda.gov/plant-profile/TOPA6,
https://plants.usda.gov/plant-profile/TORA2,https://plants.sc.egov.usda.gov/ImageLibrary/standard/tora2_002_shp.jpg
https://plants.usda.gov/plant-profile/TOVE,https://plants.sc.egov.usda.gov/ImageLibrary/standard/tove_002_shp.jpg
https://plants.usda.gov/plant-profile/TRVI2,https://plants.sc.egov.usda.gov/ImageLibrary/standard/trvi2_002_shp.jpg
https://plants.usda.gov/plant-profile/TRPL6,https://plants.sc.egov.usda.gov/ImageLibrary/standard/scpl2_001_svd.jpg
https://plants.usda.gov/plant-profile/TRDI2,https://plants.sc.egov.usda.gov/ImageLibrary/standard/trdi2_005_shp.jpg
https://plants.usda.gov/plant-profile/TRFL2,https://plants.sc.egov.usda.gov/ImageLibrary/standard/trfl2_001_svd.jpg
https://plants.usda.gov/plant-profile/TRBO2,
https://plants.usda.gov/plant-profile/TRMA20,https://plants.sc.egov.usda.gov/ImageLibrary/standard/trma4_002_svp.jpg
https://plants.usda.gov/plant-profile/TRCE,https://plants.sc.egov.usda.gov/ImageLibrary/standard/trce_001_svd.jpg
https://plants.usda.gov/plant-profile/TRER3,https://plants.sc.egov.usda.gov/ImageLibrary/standard/trer3_001_svd.jpg
https://plants.usda.gov/plant-profile/TRPE4,https://plants.sc.egov.usda.gov/ImageLibrary/standard/sppe5_002_svp.jpg
https://plants.usda.gov/plant-profile/TRPE5,https://plants.sc.egov.usda.gov/ImageLibrary/standard/trpe5_001_svd.jpg
https://plants.usda.gov/plant-profile/TRPU4,https://plants.sc.egov.usda.gov/ImageLibrary/standard/trpu4_001_svd.jpg
https://plants.usda.gov/plant-profile/TRDA3,https://plants.sc.egov.usda.gov/ImageLibrary/standard/trda3_005_shp.jpg
https://plants.usda.gov/plant-profile/TSCA,https://plants.sc.egov.usda.gov/ImageLibrary/standard/tsca_002_shp.jpg
https://plants.usda.gov/plant-profile/TYLA,https://plants.sc.egov.usda.gov/ImageLibrary/standard/tyla_002_svp.jpg
https://plants.usda.gov/plant-profile/ULAM,https://plants.sc.egov.usda.gov/ImageLibrary/standard/ulam_024_svp.jpg
https://plants.usda.gov/plant-profile/ULRU,https://plants.sc.egov.usda.gov/ImageLibrary/standard/ulru_001_shp.jpg
https://plants.usda.gov/plant-profile/UVPE,https://plants.sc.egov.usda.gov/ImageLibrary/standard/uvpe_005_shp.jpg
https://plants.usda.gov/plant-profile/UVSE,https://plants.sc.egov.usda.gov/ImageLibrary/standard/uvse_003_shp.jpg
https://plants.usda.gov/plant-profile/VAAN,https://plants.sc.egov.usda.gov/ImageLibrary/standard/vaan_002_shp.jpg
https://plants.usda.gov/plant-profile/VACO,https://plants.sc.egov.usda.gov/ImageLibrary/standard/vaco_002_shp.jpg
https://plants.usda.gov/plant-profile/VAMA,https://plants.sc.egov.usda.gov/ImageLibrary/standard/vama_001_shp.jpg
https://plants.usda.gov/plant-profile/VAPA4,https://plants.sc.egov.usda.gov/ImageLibrary/standard/vava_002_shp.jpg
https://plants.usda.gov/plant-profile/VEVI,https://plants.sc.egov.usda.gov/ImageLibrary/standard/vevi_003_shp.jpg
https://plants.usda.gov/plant-profile/VEHA2,https://plants.sc.egov.usda.gov/ImageLibrary/standard/veha2_002_svp.jpg
https://plants.usda.gov/plant-profile/VESI,https://plants.sc.egov.usda.gov/ImageLibrary/standard/vean4_001_svd.jpg
https://plants.usda.gov/plant-profile/VEUR,https://plants.sc.egov.usda.gov/ImageLibrary/standard/veur_003_shp.jpg
https://plants.usda.gov/plant-profile/VENO,https://plants.sc.egov.usda.gov/ImageLibrary/standard/veno_002_shp.jpg
https://plants.usda.gov/plant-profile/VEVI4,https://plants.sc.egov.usda.gov/ImageLibrary/standard/vevi4_001_svp.jpg
https://plants.usda.gov/plant-profile/VIAC,https://plants.sc.egov.usda.gov/ImageLibrary/standard/viac_004_shp.jpg
https://plants.usda.gov/plant-profile/VIDE,https://plants.sc.egov.usda.gov/ImageLibrary/standard/vide_003_svp.jpg
https://plants.usda.gov/plant-profile/VILA11,https://plants.sc.egov.usda.gov/ImageLibrary/standard/vila11_001_shp.jpg
https://plants.usda.gov/plant-profile/VIPR,https://plants.sc.egov.usda.gov/ImageLibrary/standard/vipr_002_shp.jpg
https://plants.usda.gov/plant-profile/VICU,https://plants.sc.egov.usda.gov/ImageLibrary/standard/vicu_002_shp.jpg
https://plants.usda.gov/plant-profile/VILA4,https://plants.sc.egov.usda.gov/ImageLibrary/standard/vila4_001_svd.jpg
https://plants.usda.gov/plant-profile/VIPA18,https://plants.sc.egov.usda.gov/ImageLibrary/standard/vipa3_001_svd.jpg
https://plants.usda.gov/plant-profile/VIPE,https://plants.sc.egov.usda.gov/ImageLibrary/standard/vipe_004_shp.jpg
https://plants.usda.gov/plant-profile/VIPU3,https://plants.sc.egov.usda.gov/ImageLibrary/standard/vipu3_002_shp.jpg
https://plants.usda.gov/plant-profile/VISA2,https://plants.sc.egov.usda.gov/ImageLibrary/standard/visa2_004_shp.jpg
https://plants.usda.gov/plant-profile/VISO,https://plants.sc.egov.usda.gov/ImageLibrary/standard/vila7_001_svd.jpg
https://plants.usda.gov/plant-profile/VIAE,https://plants.sc.egov.usda.gov/ImageLibrary/standard/viae_002_shp.jpg
https://plants.usda.gov/plant-profile/VILA8,https://plants.sc.egov.usda.gov/ImageLibrary/standard/vila8_002_shp.jpg
https://plants.usda.gov/plant-profile/VIRI,https://plants.sc.egov.usda.gov/ImageLibrary/standard/viri_001_shp.jpg
https://plants.usda.gov/plant-profile/VUOC,
https://plants.usda.gov/plant-profile/WOIL,https://plants.sc.egov.usda.gov/ImageLibrary/standard/woil_001_svd.jpg
https://plants.usda.gov/plant-profile/WOOB2,https://plants.sc.egov.usda.gov/ImageLibrary/standard/woob2_001_svd.jpg
https://plants.usda.gov/plant-profile/WOAR,https://plants.sc.egov.usda.gov/ImageLibrary/standard/woar_001_svp.jpg
https://plants.usda.gov/plant-profile/WOVI,https://plants.sc.egov.usda.gov/ImageLibrary/standard/wovi_001_svp.jpg
https://plants.usda.gov/plant-profile/ZOMA,https://plants.sc.egov.usda.gov/ImageLibrary/standard/zoma_001_svd.jpg
https://plants.usda.gov/plant-profile/LITU,https://plants.sc.egov.usda.gov/ImageLibrary/standard/litu_002_svp.jpg
